5.0,7.0,0.00500514686678052,0.33721594400024774,0.011604015086770088,0.009155236764595901,0.14783255641947649,0.33482708342046485,0.02285453634038015,0.029246753030151066,0.21540531205761446,-10000,0.03,3,6
7.0,3.0,0.04451528463759254,0.07601821353802986,0.035171037958028104,0.023778716106520718,0.4234304730498562,0.07591821353802986,0.013914567008819545,0.04103350559039915,0.4844481721025048,-10000,0.03,3,6
4.0,7.0,0.044437511853321725,0.899876330328655,0.008826989511640007,0.006757465245479707,0.135674510477781,0.8354539532236483,0.009425607522487254,0.02394984312522735,0.47936586977374596,-10000,0.03,3,6
6.0,7.0,0.019198203395272836,0.7021758812975045,0.042558155235381784,0.0058229724804886316,0.5651067930592759,0.7020758812975045,0.038667454447092776,0.017619979642898236,0.3967468709412294,-10000,0.03,3,6
2.0,5.0,0.045886797639189306,0.3289334409549955,0.017949890236385695,0.010851285745322497,0.024331548824019833,0.3288334409549955,0.014523265220002659,0.016949599671750182,0.25087084804736576,-10000,0.03,3,6
1.0,6.0,0.011602785870761457,0.6098402600581201,0.036489126200941906,0.009605049297252165,0.31640143098648055,0.6097402600581201,0.02363806712871062,0.007247905652573923,0.27258923889860065,-10000,0.03,3,6
7.0,6.0,0.0475067640195866,0.6072272884768933,0.04565308618795476,0.01118636168658069,0.11306449696556133,0.6071272884768933,0.022895457664349014,0.012440938870261976,0.4644792043940566,-10000,0.03,3,6
4.0,8.0,0.037669909340770316,0.8891407866455193,0.033065249317502404,0.03879240953123018,0.2681847730636035,0.2637322182591245,0.04531487981882301,0.024264103544208274,0.48277162310270894,-10000,0.03,3,6
7.0,7.0,0.010163568782901884,0.9520147957717177,0.025246046006597328,0.031027532647420933,0.3120212340433481,0.23280536142844604,0.045652078425301425,0.030815576900252866,0.011406460245267896,-10000,0.03,3,6
7.0,4.0,0.02871761460159242,0.8916449943452358,0.021077139200112494,0.04588408179139097,0.471286485685934,0.024871968275762907,0.046824675518469264,0.03609036128826158,0.49868819672122544,-10000,0.03,3,6
3.0,2.0,0.04696679583667236,0.7119772534154052,0.007970007772492812,0.038995837367110986,0.5678683794613223,0.7118772534154052,0.03701861413828123,0.010592193288747411,0.01974126558149984,-10000,0.03,3,6
1.0,1.0,0.016079498042137066,0.8670265512487436,0.02924739789537438,0.029876989040859468,0.6331028603461082,0.12672291621271647,0.01756326555550128,0.03135916721562296,0.48510191667664054,-10000,0.03,3,6
6.0,1.0,0.04102847027062774,0.2713255601489694,0.041319733802845066,0.022453728982887732,0.6490209723739773,0.2712255601489694,0.030030810529568852,0.011140485154730827,0.03935966786098371,-10000,0.03,3,6
2.0,1.0,0.009837235809774181,0.26442387167746195,0.03708450411722045,0.030187264192436412,0.019291425317745733,0.07765582290811757,0.04852743485001224,0.0305645207863974,0.10961368498388532,-10000,0.03,3,6
3.0,8.0,0.013794326649919347,0.6022909809095949,0.048650899508974055,0.04310729606705159,0.18748734176921378,0.4741435314126061,0.03289800732716209,0.04230414047975804,0.08682778337658129,-10000,0.03,3,6
1.0,2.0,0.026885529992166434,0.6260129885706639,0.030598314668891666,0.019281308419497236,0.7415759542652122,0.5549605060910491,0.02210635276805977,0.029792669860305362,0.37521387114418603,-10000,0.03,3,6
7.0,3.0,0.00798506754927987,0.40157998801840095,0.0333372878159704,0.014457830446167781,0.5670391097667222,0.07254429247286803,0.016714179436034343,0.041213955368450544,0.10478279848543058,-10000,0.03,3,6
7.0,6.0,0.046616358667970786,0.3001319319627554,0.007968249080781071,0.038077968347990127,0.5814117418620026,0.3000319319627554,0.04693874311385768,0.005627820783901866,0.12483742219949605,-10000,0.03,3,6
7.0,10.0,0.047757925366118587,0.5788205287853986,0.04620228573948235,0.03387047940258519,0.2986057084645222,0.46683122707109515,0.0321939717313988,0.02972965646788532,0.46382889908616226,-10000,0.03,3,6
9.0,5.0,0.048346813779832035,0.21525788334644114,0.01068482837478368,0.01107856211210291,0.3841900026009036,0.0302333169577461,0.04765865950479565,0.04222019620268296,0.017359300563639966,-10000,0.03,3,6
3.0,4.0,0.01089485801649126,0.819016157520253,0.020513149370748208,0.047304836705001525,0.44069049316083925,0.818916157520253,0.043013050042649985,0.04574265434188922,0.23534133025023543,-10000,0.03,3,6
6.0,8.0,0.01785734832803664,0.5157408464889314,0.03195996384406453,0.0056989973997876074,0.44917624206551154,0.41765576805009075,0.041331223799817865,0.019186016139291783,0.44751546717732416,-10000,0.03,3,6
6.0,3.0,0.04045681552214769,0.6314296181926873,0.007425917243318883,0.023908715600050954,0.5125109390584179,0.6313296181926873,0.005018091120111085,0.048954161706397686,0.1945243542254295,-10000,0.03,3,6
10.0,6.0,0.04229806135913119,0.5959759294726972,0.03326342892383077,0.01785093267630623,0.4442566720855014,0.5958759294726972,0.04362412263930691,0.038978698481045605,0.35204805173917847,-10000,0.03,3,6
9.0,4.0,0.03518549558544143,0.47833023959268167,0.02219462384141828,0.023486510746498355,0.3070948917674601,0.3083409092007803,0.03298637155641357,0.024361127186956898,0.4871630181843536,-10000,0.03,3,6
2.0,5.0,0.045886797639189306,0.32889386992416714,0.018296198807982524,0.010851285745322497,0.2990500960983133,0.32879386992416715,0.014523265220002659,0.017135647823695147,0.25087084804736576,-10000,0.03,3,6
6.0,2.0,0.04690766842393236,0.7121158811192415,0.03193109918367672,0.03955793138416737,0.5678683794613223,0.7120158811192415,0.04130736805879916,0.010361041411464328,0.01974126558149984,-10000,0.03,3,6
1.0,4.0,0.01089485801649126,0.6248591592834793,0.030592876000482903,0.047304836705001525,0.4378975742212434,0.6247591592834794,0.043013050042649985,0.0457495770347706,0.2351962160321079,-10000,0.03,3,6
6.0,1.0,0.04140010213616847,0.4012073816717544,0.041349506744004984,0.014411023486210695,0.5670596966680006,0.4011073816717544,0.030028742230152946,0.011140485154730827,0.10524983243978817,-10000,0.03,3,6
1.0,5.0,0.048346813779832035,0.8645551218976327,0.01068482837478368,0.01107856211210291,0.3841900026009036,0.12670691325441769,0.04754857138646269,0.03141232375734044,0.017359300563639966,-10000,0.03,3,6
7.0,10.0,0.04747565703492197,0.5788600998162269,0.04620228573948235,0.03387047940258519,0.0238875940007639,0.46683122707109515,0.0321939717313988,0.029543608315940353,0.46382889908616226,-10000,0.03,3,6
3.0,8.0,0.01791647572115869,0.5156022187850952,0.007998872434100215,0.00522403199634161,0.44917624206551154,0.41765576805009075,0.03704246987929995,0.019417168016574865,0.44751546717732416,-10000,0.03,3,6
3.0,2.0,0.02703385267918313,0.8201699868074377,0.020518588039156967,0.019281308419497236,0.7442807416939372,0.5549605060910491,0.02210635276805977,0.02978574716742398,0.3753589853623135,-10000,0.03,3,6
7.0,3.0,0.007613437350082981,0.27169816649561596,0.03330751487481048,0.022500535942844815,0.6490003854726989,0.07254429247286803,0.01671624773545025,0.041213955368450544,0.05526343894975258,-10000,0.03,3,6
9.0,1.0,0.016079498042137066,0.21772931269755014,0.02924739789537438,0.029876989040859468,0.6331028603461082,0.030249319916045042,0.01767335291957444,0.04216703966096549,0.48510191667664054,-10000,0.03,3,6
2.0,8.0,0.011604252135149125,0.5792812056426299,0.048650899508974055,0.04310729606705159,0.1863319278798721,0.4741435314126061,0.032954553268518066,0.006691615449469786,0.08682778337658129,-10000,0.03,3,6
3.0,2.0,0.027264920956915215,0.8140356677685081,0.033311375694891364,0.019281308419497236,0.5823020562777997,0.5549605060910491,0.015442402098776687,0.029813298211700926,0.3753589853623135,-10000,0.03,3,6
6.0,3.0,0.010768473897133025,0.6248620290106668,0.030337756149881823,0.023908715600050954,0.4383172977107987,0.6247620290106668,0.005018091120111085,0.04898485157941638,0.1945243542254295,-10000,0.03,3,6
3.0,2.0,0.0413799864794103,0.7119772534154052,0.007970007772492812,0.038995837367110986,0.5678683794613223,0.7118772534154052,0.037025781060348865,0.011137425879503301,0.01974126558149984,-10000,0.03,3,6
7.0,3.0,0.04451528463759254,0.07601821353802986,0.035171037958028104,0.023778716106520718,0.4234304730498562,0.07591821353802986,0.013914567008819545,0.04103350559039915,0.4844481721025048,-10000,0.03,3,6
3.0,6.0,0.013792860385531678,0.609917572334378,0.036489126200941906,0.009605049297252165,0.31755684487582225,0.609817572334378,0.023581521187354643,0.042860584051294184,0.27258923889860065,-10000,0.03,3,6
7.0,3.0,0.007753999271747858,0.4077143070573306,0.020544500160236005,0.014530997735506592,0.7422402776313292,0.07254429247286803,0.02217043790251841,0.0411864043241736,0.10478279848543058,-10000,0.03,3,6
1.0,4.0,0.04058319964150636,0.6314267484654998,0.0077626752138211805,0.047275328554515404,0.5120912155688626,0.6313267484654999,0.04294608478649863,0.04571888716175191,0.2351962160321079,-10000,0.03,3,6
6.0,1.0,0.04698691149343054,0.4012073816717544,0.041349506744004984,0.014411023486210695,0.5670596966680006,0.4011073816717544,0.030021575308085306,0.010595252563974937,0.10524983243978817,-10000,0.03,3,6
1.0,1.0,0.016079498042137066,0.8670265512487436,0.02924739789537438,0.031159919903287234,0.6331028603461082,0.1234419621497387,0.0160877204831189,0.03135916721562296,0.48510191667664054,-10000,0.03,3,6
3.0,1.0,0.0413799864794103,0.7119772534154052,0.007970007772492812,0.03125748946339063,0.6335819073228568,0.7118772534154052,0.037025781060348865,0.0316396023781124,0.487262376068881,-10000,0.03,3,6
9.0,5.0,0.048346813779832035,0.21525788334644114,0.03064266452117654,0.01933198631141397,0.7300615522069865,0.03243610975806599,0.022171596642120074,0.029914427787462772,0.3759728355966384,-10000,0.03,3,6
2.0,5.0,0.045886797639189306,0.8130142316810925,0.018296198807982524,0.010851285745322497,0.2990500960983133,0.6486004126662122,0.015437675711690173,0.017139578922483592,0.2514863856744075,-10000,0.03,3,6
1.0,6.0,0.011605638120039004,0.6098402600581201,0.036489126200941906,0.00962406852012105,0.43645425513714753,0.6097402600581201,0.04304283133290193,0.045551526247520395,0.27258923889860065,-10000,0.03,3,6
9.0,1.0,0.01688627308700726,0.21772931269755014,0.02924739789537438,0.029876989040859468,0.6331028603461082,0.03221889944021267,0.014509796291920054,0.04216703966096549,0.48510191667664054,-10000,0.03,3,6
1.0,2.0,0.016079498042137066,0.8670265512487436,0.02924739789537438,0.038898267807007586,0.5673893324845736,0.1234419621497387,0.0160877204831189,0.01085699071701386,0.0177161584410038,-10000,0.03,3,6
1.0,2.0,0.026885529992166434,0.6260129885706639,0.010861160343504837,0.011027884220186177,0.39567952515682914,0.5274200327850808,0.047593415536284184,0.04209843827552554,0.016676044811986923,-10000,0.03,3,6
3.0,2.0,0.027264920956915215,0.3299153060115828,0.033311375694891364,0.019281308419497236,0.5823020562777997,0.3298153060115828,0.014527991607089171,0.02980936711291248,0.3747434477352717,-10000,0.03,3,6
1.0,4.0,0.010892005767213712,0.6248591592834793,0.030592876000482903,0.04728581517127789,0.31784475007057644,0.6247591592834794,0.02360828583845867,0.007124214021669559,0.22053092038034172,-10000,0.03,3,6
2.0,5.0,0.0450800225940868,0.3289334409549955,0.017949890236385695,0.010851285745322497,0.024331548824019833,0.3288334409549955,0.017686821847657044,0.016949599671750182,0.25087084804736576,-10000,0.03,3,6
1.0,1.0,0.016079498042137066,0.8670265512487436,0.010962109881369385,0.029876989040859468,0.6331028603461082,0.12672291621271647,0.01756326555550128,0.03135916721562296,0.019997695777696056,-10000,0.03,3,6
3.0,3.0,0.044523554723160844,0.07601821353802986,0.035171037958028104,0.023778716106520718,0.423807780219208,0.07591821353802986,0.013914567008819545,0.029815518073641186,0.4844481721025048,-10000,0.03,3,6
7.0,3.0,0.04696679583667236,0.7121649032917596,0.033179690489770625,0.014379780273538891,0.5678726801344007,0.7120649032917596,0.03701861413828123,0.0106162350112551,0.10533944286882471,-10000,0.03,3,6
1.0,2.0,0.026885529992166434,0.6248451380598017,0.030598314668891666,0.019671031997394124,0.7415759542652122,0.5549605060910491,0.02210635276805977,0.029792669860305362,0.37521387114418603,-10000,0.03,3,6
1.0,2.0,0.026885529992166434,0.6260129885706639,0.029146448357509833,0.011027884220186177,0.39567952515682914,0.5274200327850808,0.047593415536284184,0.04209843827552554,0.4819208146407864,-10000,0.03,3,6
7.0,2.0,0.027256650871346915,0.8140356677685081,0.033311375694891364,0.019620493852503113,0.581924749108448,0.5549605060910491,0.015442402098776687,0.04103128572845889,0.3753589853623135,-10000,0.03,3,6
3.0,2.0,0.00798506754927987,0.4076231853127126,0.008127605101762995,0.03907388753973988,0.5886726355011147,0.07254429247286803,0.016714179436034343,0.04118991364594391,0.019184621267878142,-10000,0.03,3,6
1.0,4.0,0.01089485801649126,0.6260270097943417,0.028056064651216607,0.04691511307265161,0.4378975742212434,0.6259270097943417,0.043013050042649985,0.0457495770347706,0.2351962160321079,-10000,0.03,3,6
3.0,2.0,0.0413799864794103,0.7119772534154052,0.007770654431646655,0.038995837367110986,0.5678683794613223,0.7118772534154052,0.037025781060348865,0.011137425879503301,0.01974126558149984,-10000,0.03,3,6
1.0,2.0,0.026885529992166434,0.6260129885706639,0.030598314668891666,0.019281308419497236,0.7424820540421064,0.6259129885706639,0.02210635276805977,0.029792669860305362,0.37521387114418603,-10000,0.03,3,6
1.0,2.0,0.026885529992166434,0.6248451380598017,0.030616574539218365,0.010917012587466874,0.39688644198361117,0.5548590216088302,0.02210635276805977,0.02978441894703051,0.37521387114418603,-10000,0.03,3,6
3.0,2.0,0.026973805874781882,0.7119772534154052,0.007770654431646655,0.03898087184447188,0.740517888402688,0.5526712455814572,0.03702463662643574,0.030100358282277168,0.375966618215561,-10000,0.03,3,6
9.0,4.0,0.04855527301463997,0.21525788334644114,0.010559876349387813,0.01107856211210291,0.02709007912366232,0.0302333169577461,0.04765865950479565,0.042031712850039114,0.2513148170429418,-10000,0.03,3,6
1.0,2.0,0.04656578605811772,0.8670125198318931,0.02923790838406798,0.03904966147639021,0.5681358064025657,0.8669125198318931,0.036989259269183804,0.0106857655577247,0.01974126558149984,-10000,0.03,3,6
1.0,2.0,0.026885529992166434,0.6260129885706639,0.030598314668891666,0.019281308419497236,0.7424820540421064,0.6259129885706639,0.023192416104517704,0.029792669860305362,0.37521387114418603,-10000,0.03,3,6
1.0,2.0,0.026885529992166434,0.6260129885706639,0.029128188487183133,0.021132026489764432,0.7418889728966063,0.5275215172672997,0.047593415536284184,0.0421066891888004,0.4819208146407864,-10000,0.03,3,6
1.0,2.0,0.04129171059679485,0.6260129885706639,0.030598314668891666,0.01929627394213634,0.5689261518566335,0.6259129885706639,0.022107497201972897,0.010829737457531496,0.019014921539654644,-10000,0.03,3,6
2.0,5.0,0.0450800225940868,0.3289334409549955,0.018074842261781562,0.010851285745322497,0.3814336759509146,0.3288334409549955,0.017686821847657044,0.016949599671750182,0.01692410811091409,-10000,0.03,3,6
3.0,1.0,0.016480507775016126,0.7119912848322557,0.007979497283942365,0.0311411970806412,0.6328354334048647,0.12672291621271647,0.017592620424598707,0.03126559494664567,0.48510191667664054,-10000,0.03,3,6
3.0,5.0,0.027103168570692025,0.33094192176795395,0.03064266452117654,0.019280476740744342,0.7300615522069865,0.03243610975806599,0.022171596642120074,0.029914427787462772,0.37474164998036935,-10000,0.03,3,6
3.0,1.0,0.01607756516693205,0.8655518182515413,0.007979497283942365,0.0311411970806412,0.6328352400570397,0.12672291621271647,0.017592620424598707,0.03126559494664567,0.48510191667664054,-10000,0.03,3,6
1.0,2.0,0.026885529992166434,0.6260129885706639,0.029128188487183133,0.021132026489764432,0.7418889728966063,0.5275215172672997,0.04762124418758739,0.0421066891888004,0.4819208146407864,-10000,0.03,3,6
9.0,4.0,0.04855527301463997,0.8684444989474731,0.01049450323584425,0.010326410701812134,0.02709007912366232,0.0302333169577461,0.04766192588530124,0.0421051018756785,0.018329072034455357,-10000,0.03,3,6
1.0,2.0,0.026885529992166434,0.6260129885706639,0.010827770081572975,0.011027884220186177,0.39567952515682914,0.5274200327850808,0.047593415536284184,0.0421204739580895,0.016676044811986923,-10000,0.03,3,6
1.0,1.0,0.017440519707606558,0.6227579325777933,0.02924739789537438,0.031225187410579038,0.6331028603461082,0.1234419621497387,0.02206962714497004,0.03135916721562296,0.48510191667664054,-10000,0.03,3,6
1.0,1.0,0.016482440650221145,0.7134660178294582,0.02924739789537438,0.029876989040859468,0.6331030536939332,0.12672291621271647,0.01756326555550128,0.03135916721562296,0.48510191667664054,-10000,0.03,3,6
1.0,2.0,0.04129171059679485,0.6260129885706639,0.030598314668891666,0.01929627394213634,0.5663959535858317,0.6259129885706639,0.022079668460892442,0.010829737457531496,0.019014921539654644,-10000,0.03,3,6
1.0,2.0,0.04656578605811772,0.21382590423085762,0.029303281497611543,0.03904966147639021,0.5681358064025657,0.21372590423085763,0.03698599288867821,0.010612376532087724,0.2527315416593216,-10000,0.03,3,6
1.0,2.0,0.026885529992166434,0.6260129885706639,0.03063170493082353,0.019281308419497236,0.7424820540421064,0.6259129885706639,0.02210635276805977,0.029800482370769377,0.37521387114418603,-10000,0.03,3,6
1.0,2.0,0.02652816051521235,0.869113756730752,0.030616574539218365,0.010851745080175073,0.39688644198361117,0.5548590216088302,0.01659177907867263,0.02978441894703051,0.37521387114418603,-10000,0.03,3,6
1.0,2.0,0.04117177179147807,0.6260129885706639,0.030598314668891666,0.019329314843117708,0.6332710165085212,0.12659030433783713,0.022107497201972897,0.010829737457531496,0.019014921539654644,-10000,0.03,3,6
3.0,1.0,0.016480507775016126,0.7120522401659846,0.02919671062192458,0.0311411970806412,0.6284340059820034,0.1234579573362182,0.017592620424598707,0.03126559494664567,0.48510191667664054,-10000,0.03,3,6
1.0,2.0,0.01744033715416736,0.6227715089272184,0.030598314668891666,0.01929627394213634,0.5663959535858317,0.6226715089272185,0.022079664866364243,0.010829737457531496,0.010453456261832953,-10000,0.03,3,6
1.0,2.0,0.026531059590029448,0.6268616577516057,0.03059821043652568,0.010830889707508626,0.39688644198361117,0.5548593863017678,0.022090631700055735,0.02979266098350331,0.37521387114418603,-10000,0.03,3,6
1.0,1.0,0.04680358301464459,0.8688451002009145,0.03092366077757093,0.039158906523715065,0.6334359806550731,0.1289713209620817,0.01756833437235215,0.03129604278011462,0.2506520839958222,-10000,0.03,3,6
1.0,1.0,0.016482440650221145,0.7134660178294582,0.02924739789537438,0.029843948139878097,0.5687581890420456,0.7133660178294582,0.01756326555550128,0.03135916721562296,0.48510191667664054,-10000,0.03,3,6
1.0,1.0,0.016079498042137066,0.8669655959150149,0.008030184557525811,0.031159919903287234,0.632834562383923,0.15116869883386289,0.0160877204831189,0.03135916721562296,0.48510191667664054,-10000,0.03,3,6
1.0,1.0,0.04129189315023405,0.6259994122212388,0.02967501101761929,0.031225187410579038,0.6331028603461082,0.12588704833260952,0.02206963073949824,0.03135916721562296,0.49434413081384754,-10000,0.03,3,6
1.0,2.0,0.026882630917349336,0.8682650875498101,0.03061667877158435,0.019302163792163686,0.7415759542652122,0.5549601413981115,0.016607500146676668,0.029784427823832563,0.37521387114418603,-10000,0.03,3,6
1.0,2.0,0.015841701044733085,0.21200735527868264,0.029247654267662692,0.02976774399353461,0.5678026860936007,0.21190735527868265,0.03698599288867821,0.010675500967596067,0.487181065806099,-10000,0.03,3,6
1.0,2.0,0.01744033715416736,0.6227715089272184,0.030598314668891666,0.01929627394213634,0.5663127662005453,0.6226715089272185,0.022079664866364243,0.010829737457531496,0.010453456261832953,-10000,0.03,3,6
1.0,1.0,0.04129189315023405,0.7123476657713308,0.02967501101761929,0.031225035370699216,0.6283802999608089,0.12588704833260952,0.02208735481948597,0.03135916721562296,0.4943194902010379,-10000,0.03,3,6
1.0,2.0,0.026885529992166434,0.7141111918182763,0.01068436289030401,0.011027884220186177,0.39567952515682914,0.5274200327850808,0.047593415536284184,0.04209843827552554,0.021458942070931596,-10000,0.03,3,6
1.0,1.0,0.016079498042137066,0.8670265512487436,0.02924739789537438,0.029876989040859468,0.6331028603461082,0.12666581280511316,0.016084336744683733,0.030754492825418672,0.48510191667664054,-10000,0.03,3,6
1.0,1.0,0.017440519707606558,0.621836300639651,0.02925081178844803,0.029932579247358464,0.6331028595926137,0.126734855663341,0.02206962714497004,0.03135916721562296,0.48510191667664054,-10000,0.03,3,6
1.0,1.0,0.016079498042137066,0.8702572497520712,0.02924739789537438,0.031159919903287234,0.6331028603461082,0.12153995907301951,0.0160877204831189,0.03135916721562296,0.48510191667664054,-10000,0.03,3,6
3.0,1.0,0.016480507775016126,0.6257039866158927,0.02919671062192458,0.031141349120521026,0.6331565663673026,0.1234579573362182,0.017574896344610978,0.03126559494664567,0.4927071447948623,-10000,0.03,3,6
1.0,1.0,0.016482440650221145,0.6213402446234625,0.029424195348575207,0.029843948139878097,0.5687581890420456,0.6212402446234625,0.018416406892897457,0.03135916721562296,0.48510191667664054,-10000,0.03,3,6
1.0,1.0,0.016079498042137066,0.8669655959150149,0.008030184557525811,0.031159919903287234,0.632834562383923,0.15122580224146617,0.017566649293936445,0.03135916721562296,0.48510191667664054,-10000,0.03,3,6
1.0,1.0,0.016482440650221145,0.7143876497676005,0.02924739789537438,0.031236806337379668,0.6331030544474275,0.12343002269911417,0.01756326555550128,0.03135916721562296,0.48510191667664054,-10000,0.03,3,6
1.0,1.0,0.01601093102658971,0.8702572497520712,0.008016776025671649,0.03908731596467642,0.6407072691901593,0.07238808082743836,0.016728672944010963,0.03135107202638375,0.015781195850101015,-10000,0.03,3,6
1.0,1.0,0.01607638641950004,0.6227579325777933,0.02949926484531678,0.031225348131829752,0.6328353889160091,0.1512157245596624,0.016100723659483382,0.03135916721562296,0.48510191667664054,-10000,0.03,3,6
1.0,1.0,0.017440519707606558,0.621836300639651,0.029247421697110063,0.031159716288035908,0.6331028595821505,0.126734855663341,0.016097459859050717,0.03135916721562296,0.48510191667664054,-10000,0.03,3,6
1.0,1.0,0.016482440650221145,0.7152989960085899,0.02924739789537438,0.02987752896577189,0.6331028589643259,0.12674658723973167,0.01756326555550128,0.03135916721562296,0.48510191667664054,-10000,0.03,3,6
1.0,2.0,0.041449875159572706,0.5871218160635114,0.03057729637773295,0.03117918109656773,0.6367064587603106,0.5870218160635114,0.022476589774931784,0.031179570881207683,0.49404540817170256,-10000,0.03,3,6
3.0,2.0,0.008053634564827227,0.4076231853127126,0.029358226971646126,0.031146491478350694,0.5948507608717725,0.12169617071844918,0.01607322697514228,0.04119800883518311,0.48882477469798635,-10000,0.03,3,6
1.0,1.0,0.016362610611131024,0.8669655959150149,0.007778317608787149,0.031159759182036523,0.633102033814022,0.12339493642393919,0.022056623968605554,0.03135916721562296,0.4821737242908942,-10000,0.03,3,6
1.0,1.0,0.016079498042137066,0.8670265512487436,0.029250787986712348,0.02993278286260979,0.6331028603565713,0.1234419621497387,0.02205988776903822,0.03135916721562296,0.48510191667664054,-10000,0.03,3,6
1.0,1.0,0.016079498042137066,0.8661152050077542,0.02924739789537438,0.031236266412467243,0.6331030558292099,0.12340635167209897,0.01756326555550128,0.03135916721562296,0.48510191667664054,-10000,0.03,3,6
1.0,1.0,0.018698585375195743,0.6259994122212388,0.029696029308778005,0.019342280256147645,0.5627091677863427,0.12588704833260952,0.02206963073949824,0.011009333791946772,0.012184168741629364,-10000,0.03,3,6
1.0,1.0,0.016482440650221145,0.7134660178294582,0.02930356153429775,0.029876989040859468,0.6331030536939332,0.12407478847230048,0.01756326555550128,0.01067019800672644,0.45416753349769895,-10000,0.03,3,6
1.0,1.0,0.016083394606211655,0.6264353487136516,0.029250787986712348,0.031225756325663864,0.6331028603460406,0.1234419621497387,0.021788324877173727,0.03135916721562296,0.48510191667664054,-10000,0.03,3,6
1.0,1.0,0.01719032853786341,0.7135318690921658,0.02949926484531678,0.031225348131829752,0.6328353889160091,0.1512157245596624,0.01610017912473831,0.03135916721562296,0.48510191667664054,-10000,0.03,3,6
1.0,1.0,0.04129189315023405,0.6259994122212388,0.029673780116735094,0.031225187410579038,0.6331028603341199,0.12588704833260952,0.02206963073949824,0.03135916721562296,0.4943334528127219,-10000,0.03,3,6
1.0,1.0,0.041175580901529174,0.7123476657713308,0.02967501101761929,0.02997950214556998,0.6283667256274995,0.12588704833260952,0.02208761515114091,0.03135916721562296,0.4943194902010379,-10000,0.03,3,6
1.0,2.0,0.04656578605811772,0.21382590423085762,0.029247117858688172,0.03904966147639021,0.5681358064025657,0.21372590423085763,0.03698599288867821,0.03130134574098425,0.2527315416593216,-10000,0.03,3,6
1.0,1.0,0.017436623143531973,0.8633491351128852,0.02924739789537438,0.02993221394752496,0.633102860356639,0.1234419621497387,0.02206962714497004,0.03135916721562296,0.48510191667664054,-10000,0.03,3,6
1.0,1.0,0.016080811690448622,0.6236137132532279,0.02924739789537438,0.031236806337379668,0.6331030544474275,0.12343002269911417,0.01756381009024635,0.03168552809898946,0.48510191667664054,-10000,0.03,3,6
1.0,1.0,0.017440519707606558,0.621836300639651,0.02924865259799426,0.031159716288035908,0.6331028595941387,0.126734855663341,0.016097459859050717,0.03135916721562296,0.48511259467776613,-10000,0.03,3,6
1.0,1.0,0.017556831956311438,0.621836300639651,0.02925081178844803,0.0311781124724877,0.6331164339259231,0.126734855663341,0.022069366813315103,0.03135916721562296,0.48510191667664054,-10000,0.03,3,6
1.0,1.0,0.017556066117448657,0.621836300639651,0.029266942203106078,0.03117814033762609,0.6331164009427455,0.126734855663341,0.022053348062112715,0.031078962888795834,0.48510230405462723,-10000,0.03,3,6
1.0,1.0,0.01743798149437494,0.6236165455901802,0.02924739789537438,0.031225261413872246,0.6331028585414442,0.1234419621497387,0.02206962714497004,0.031687989041110955,0.48510191667664054,-10000,0.03,3,6
1.0,1.0,0.017446605120548176,0.621836300639651,0.02921305620506408,0.031163505787552722,0.6331020244922724,0.126734855663341,0.02206962714497004,0.03135916721562296,0.48510191667664054,-10000,0.03,3,6
1.0,1.0,0.016079498042137066,0.8661152050077542,0.02924739789537438,0.031236266412467243,0.6115518961701987,0.12340635167209897,0.01756326555550128,0.03135916721562296,0.48510191667664054,-10000,0.03,3,6
1.0,1.0,0.04155928979178469,0.6259996365313343,0.029239140930892697,0.031225186823784737,0.6331028603461082,0.12589024794990047,0.02206963073949824,0.03135916721562296,0.49434413081384754,-10000,0.03,3,6
1.0,1.0,0.017441285546469343,0.621836300639651,0.02925081178844803,0.031159688422897517,0.6331028925773163,0.126734855663341,0.016113478610253102,0.03135916721562296,0.4851122072997795,-10000,0.03,3,6
1.0,1.0,0.016083349903680242,0.622755100240841,0.02924739789537438,0.031236732334086456,0.6331030562520916,0.12343002269911417,0.01756381009024635,0.03204657683398981,0.48510191667664054,-10000,0.03,3,6
1.0,1.0,0.016356525198189403,0.8669655959150149,0.007816073192700635,0.029928832641842266,0.6361371714630337,0.12339493642393919,0.022056623968605554,0.03135916721562296,0.4821737242908942,-10000,0.03,3,6
1.0,1.0,0.016482440650221145,0.7134660178294582,0.02930356153429775,0.028468581542210988,0.6331030536939332,0.12407478847230048,0.01756326555550128,0.01067019800672644,0.45416753349769895,-10000,0.03,3,6
1.0,1.0,0.016083394606211655,0.626435124403556,0.027978711302994265,0.031225756912458165,0.6331028603460406,0.12343876253244775,0.021788324877173727,0.03135916721562296,0.48510191667664054,-10000,0.03,3,6
1.0,1.0,0.016352236824067775,0.5877031863238915,0.007664564712292404,0.031225261413872246,0.6331007125157614,0.1234419621497387,0.022056753289517065,0.031687989041110955,0.48222000682849125,-10000,0.03,3,6
1.0,1.0,0.01735052939749908,0.8555978990823054,0.029247398079624464,0.02993221394752496,0.6331028603551223,0.1234419621497387,0.017832513126146667,0.03117478215239806,0.48510191667664054,-10000,0.03,3,6
1.0,1.0,0.017440519707606558,0.6227579325777933,0.029212636623589274,0.031225187410579038,0.6331028603461082,0.1234419621497387,0.02206962714497004,0.03135916721562296,0.48510191667664054,-10000,0.03,3,6
1.0,1.0,0.01596989783801096,0.8672846648407982,0.027887218430000117,0.029876989040859468,0.6331028603461082,0.12667279696400963,0.016083480502724568,0.010534183159111499,0.48468937401010537,-10000,0.03,3,6
1.0,1.0,0.016079400845680436,0.6221575509398122,0.02999764462209797,0.031236266412467243,0.6115890582786502,0.12342989699031646,0.017563261226245755,0.03204894616032907,0.48510191667664054,-10000,0.03,3,6
1.0,1.0,0.017442269868496566,0.8669655959150149,0.02939890637795797,0.029928832641842266,0.6361393174887165,0.12339493642393919,0.022069497824058534,0.03135916721562296,0.48505563413904346,-10000,0.03,3,6
1.0,1.0,0.017440519707606558,0.621836300639651,0.029247421512859976,0.031159716288035908,0.6331028595836672,0.11204836181477273,0.022095112950781384,0.03135916721562296,0.48510191667664054,-10000,0.03,3,6
1.0,1.0,0.017446605120548176,0.621836300639651,0.029247817476849184,0.031163505787552722,0.6331020244922724,0.126734855663341,0.02206962714497004,0.03135916721562296,0.48510191667664054,-10000,0.03,3,6
1.0,1.0,0.01607828109051477,0.7132079042374037,0.02930356153429775,0.029876989040859468,0.6331030536939332,0.12406780431340404,0.014516759716203127,0.030890507673033613,0.4545800761642341,-10000,0.03,3,6
1.0,1.0,0.01608344710013687,0.866712754308783,0.029437636802533373,0.031236732334086456,0.6330658941436401,0.12340647738089668,0.017563814419501875,0.0313567978892837,0.48510191667664054,-10000,0.03,3,6
1.0,1.0,0.016356762297335663,0.5909658585194952,0.029330929182115748,0.029928832641842266,0.636129096769401,0.12344189377843671,0.022069497824058534,0.030669613100887436,0.48222494795913484,-10000,0.03,3,6
1.0,1.0,0.01650855209452506,0.7135047966847449,0.02924739789537438,0.029871064215626998,0.633103053693325,0.12343002269911417,0.017563805339181112,0.03204657683398981,0.48539634211167965,-10000,0.03,3,6
1.0,1.0,0.01743799124400115,0.621836300639651,0.029247421512859976,0.031159716288035908,0.6331028595836672,0.11204836181477273,0.022095285407852574,0.03135916721562296,0.48510191667664054,-10000,0.03,3,6
1.0,1.0,0.016083394606211655,0.626435124403556,0.027978711302994265,0.031225756912458165,0.6331028603460406,0.09849253942398575,0.017565323148154573,0.03204998788252598,0.48510191667664054,-10000,0.03,3,6
1.0,1.0,0.016080824943250666,0.7120651293371948,0.02924739789537438,0.031236806337379668,0.6331030544474275,0.12343002269911417,0.014519152255539064,0.03168552809898946,0.45459801665653593,-10000,0.03,3,6
1.0,1.0,0.017437744395228678,0.8623125589865275,0.00776880666946134,0.031225261413872246,0.633110933235077,0.12339500479524117,0.022056753289517065,0.03136525983100829,0.475594038767175,-10000,0.03,3,6
1.0,1.0,0.016080545989731285,0.6227163213855543,0.02930356153429775,0.031242657159318926,0.6331030562526997,0.12407478847230048,0.017563270306566518,0.01067019800672644,0.45387310806265985,-10000,0.03,3,6
1.0,1.0,0.017440509957980344,0.6236165455901802,0.02924739789537438,0.031225261413872246,0.6331028585414442,0.1234419621497387,0.022069454687898855,0.031687989041110955,0.48510191667664054,-10000,0.03,3,6
1.0,1.0,0.016051946584770167,0.6221575509398122,0.030475311711213194,0.031236266412467243,0.6115890582786502,0.12342989699031646,0.02178626295526491,0.03135812549342606,0.48510191667664054,-10000,0.03,3,6
1.0,1.0,0.016078267837712726,0.6247564881534368,0.02930356153429775,0.029876989040859468,0.6331030536939332,0.12406780431340404,0.017561417550910414,0.030890507673033613,0.4850839761843387,-10000,0.03,3,6
1.0,1.0,0.01607939131517622,0.6221575509398122,0.02999764462209797,0.031236266412467243,0.6300778298614854,0.12342989699031646,0.017563261226245755,0.010614094618213202,0.48510191667664054,-10000,0.03,3,6
1.0,1.0,0.017440519707606558,0.621836300639651,0.02921231473277134,0.031159523181048573,0.6331028603488514,0.12343946943755559,0.022095120983523044,0.03135916721562296,0.48510191667664054,-10000,0.03,3,6
1.0,1.0,0.016360737303258495,0.7120651293371948,0.02924739789537438,0.031921862236706094,0.6331030544474275,0.12343002269911417,0.014519152255539064,0.03168741969990984,0.48226886811337677,-10000,0.03,3,6
1.0,1.0,0.017429661938724562,0.621706529643776,0.02933129735427354,0.029931419593218038,0.6331028595836672,0.11191084425404862,0.022883454355887494,0.03135916721562296,0.48220610938368014,-10000,0.03,3,6
1.0,1.0,0.0160805555202355,0.6227163213855543,0.02930356153429775,0.031242657159318926,0.611755092273711,0.12407478847230048,0.017563270306566518,0.03210504954884231,0.45387310806265985,-10000,0.03,3,6
1.0,1.0,0.016482440650221145,0.7134660178294582,0.02930356153429775,0.028468581542210988,0.6331030536939332,0.12407478847230048,0.01756326555550128,0.01067019800672644,0.45416753349769895,-10000,0.03,3,6
1.0,1.0,0.01716007495203577,0.6227579325777933,0.02924774340367791,0.031225380517566376,0.6331028595809239,0.12394655503978746,0.022069619112228385,0.03135916721562296,0.48510191667664054,-10000,0.03,3,6
1.0,1.0,0.01608269825112319,0.8669655959150149,0.007778317608787149,0.031159759182036523,0.633102033814022,0.12339493642393919,0.022056623968605554,0.03135727561470258,0.45450287283405333,-10000,0.03,3,6
1.0,1.0,0.01636509160261225,0.5910956295153702,0.029247053340702184,0.031157129336660136,0.636129096769401,0.12357941133916084,0.022095022014474695,0.030669613100887436,0.4851207552520952,-10000,0.03,3,6
1.0,1.0,0.017580789287556593,0.6236316712258627,0.029247397823528806,0.031236901769707455,0.6331030527870664,0.11206321948478838,0.022099925136228406,0.03135916721562296,0.48379196435100813,-10000,0.03,3,6
1.0,1.0,0.016051946584770167,0.866861409596958,0.030475311711213194,0.031236266412467243,0.6115890582786502,0.12342997130131518,0.021785454241569274,0.030841939908114867,0.48510191667664054,-10000,0.03,3,6
1.0,1.0,0.016356762297335663,0.5909658585194952,0.026770438995851433,0.02993524697371513,0.6361681733203668,0.12343798345072916,0.017545996847006834,0.030797732061131393,0.4548887644390012,-10000,0.03,3,6
1.0,1.0,0.016352236824067775,0.7126555142915832,0.007664564712292404,0.031225261413872246,0.6259487795623053,0.12407330809279571,0.017545742262046523,0.03210346168011636,0.48232898450134504,-10000,0.03,3,6
1.0,1.0,0.01759807909343795,0.6236300889985179,0.02930356153429775,0.031242657159318926,0.611755092273711,0.12407478847230048,0.017563270306566518,0.03135762988012441,0.45387310806265985,-10000,0.03,3,6
1.0,1.0,0.016082686470619684,0.7125685186734438,0.02924739789537438,0.031159880842817754,0.6331030544474275,0.12339495455803857,0.014519152255539064,0.03168552809898946,0.45459801665653593,-10000,0.03,3,6
1.0,1.0,0.016356525198189403,0.6183039298552689,0.007816073192700635,0.029928832641842266,0.6361371714630337,0.12339486211294047,0.02205743268230119,0.03135916721562296,0.4821737242908942,-10000,0.03,3,6
1.0,1.0,0.01628399550670282,0.7134660178294582,0.02930356153429775,0.028462167210338122,0.6330639771429674,0.12407869880000803,0.02208676653255298,0.01054207904648248,0.45854280727582775,-10000,0.03,3,6
1.0,1.0,0.016482440650221145,0.5885136898617663,0.02930356153429775,0.029876989040859468,0.6331030536939332,0.12344344252924347,0.022074276582971817,0.010321001999135567,0.45405855582484517,-10000,0.03,3,6
1.0,1.0,0.016063265714354142,0.6227179036128992,0.029247397823528806,0.031236901769707455,0.6331030527870664,0.11206321948478838,0.022099925136228406,0.03210658688434085,0.48379196435100813,-10000,0.03,3,6
1.0,1.0,0.015146273373317594,0.8664622065787659,0.007778317608787149,0.031236684676598438,0.633102033814022,0.12343000456501478,0.022056623968605554,0.03135727561470258,0.45450287283405333,-10000,0.03,3,6
2.0,1.0,0.016412327664483962,0.7134660178294582,0.02930356153429775,0.030610730693281914,0.6331030536939332,0.12407478847230048,0.01756326555550128,0.01067019800672644,0.45197889995983276,-10000,0.03,3,6
1.0,1.0,0.01608269825112319,0.8669655959150149,0.007778317608787149,0.031159759855465097,0.633102033814022,0.12339493642393919,0.022056623968605554,0.03168408567085097,0.4545990296935928,-10000,0.03,3,6
1.0,1.0,0.017176922353381828,0.6236316712258627,0.029247397823528806,0.031236901769707455,0.6331030527870664,0.11206321948478838,0.022099925136228406,0.03135916721562296,0.48379196435100813,-10000,0.03,3,6
1.0,1.0,0.016080555506004967,0.6227163213855543,0.02930356153429775,0.031242657159318926,0.6120139772477869,0.12407478847230048,0.017563270306566518,0.01067019800672644,0.45387310806265985,-10000,0.03,3,6
1.0,1.0,0.016482440650221145,0.5885136898617663,0.02930356153429775,0.029876989040859468,0.6331030536939332,0.10504636209507531,0.022074304103026604,0.010321001999135567,0.45405855582484517,-10000,0.03,3,6
1.0,1.0,0.01607828109051477,0.7132079042374037,0.02930356153429775,0.029876989040859468,0.6331030536939332,0.12406780431340404,0.01630117442110823,0.030890507673033613,0.4545800761642341,-10000,0.03,3,6
1.0,1.0,0.016082686470619684,0.7125685186734438,0.02924739789537438,0.031159880169389184,0.6331030544474275,0.12339495455803857,0.014519152255539064,0.03135871804284106,0.4545018597969964,-10000,0.03,3,6
1.0,1.0,0.01759807909343795,0.6236300889985179,0.02930356153429775,0.031242657159318926,0.6279455149343297,0.12407478847230048,0.017563270306566518,0.03135762988012441,0.45387310806265985,-10000,0.03,3,6
1.0,1.0,0.01608054600396182,0.6227163213855543,0.02930356153429775,0.031242657159318926,0.6328441712786238,0.12407478847230048,0.017563270306566518,0.03210504954884231,0.45387310806265985,-10000,0.03,3,6
1.0,1.0,0.015465085604872487,0.5909658585194952,0.029330929182115748,0.029961632198771505,0.636129096769401,0.12344189377843671,0.022069470304003747,0.030669613100887436,0.48222494795913484,-10000,0.03,3,6
1.0,1.0,0.016157581866888933,0.6227163213855543,0.02930356153429775,0.031242657159318926,0.6120139772477869,0.12407478847230048,0.017563270306566518,0.01067019800672644,0.45387310806265985,-10000,0.03,3,6
1.0,1.0,0.016080545989731285,0.6227163213855543,0.02930356153429775,0.031238777263127383,0.6331030537163241,0.12495221984160977,0.022040165790370003,0.01067019800672644,0.45387310806265985,-10000,0.03,3,6
1.0,1.0,0.016356762297335663,0.5909658585194952,0.026770438995851433,0.02993524697371513,0.6361681733203668,0.12266442717272151,0.017545996847006834,0.030797732061131393,0.4548887644390012,-10000,0.03,3,6
1.0,1.0,0.016482440650221145,0.7134660178294582,0.02930356153429775,0.029876989040859468,0.6327454664083894,0.12407478847230048,0.01756326555550128,0.01067019800672644,0.45416753349769895,-10000,0.03,3,6
1.0,1.0,0.01608269825112319,0.8669655959150149,0.007778317608787149,0.031159760019990376,0.633102033814022,0.12339493642393919,0.022056623968605554,0.03168408567085097,0.4545990296935928,-10000,0.03,3,6
1.0,1.0,0.016356762297335663,0.5909658585194952,0.029330929182115748,0.029928832641842266,0.636129096769401,0.12344189377843671,0.022069497824058534,0.030669613100887436,0.48222494795913484,-10000,0.03,3,6
1.0,1.0,0.016482440650221145,0.5885136898617663,0.02930356153429775,0.02988086893705101,0.6331030562303087,0.12344344252924347,0.017597381099168332,0.010321001999135567,0.45405855582484517,-10000,0.03,3,6
1.0,1.0,0.017254336735337678,0.6227163213855543,0.02930356153429775,0.031242657159318926,0.6328441712786238,0.12407478847230048,0.017563270306566518,0.03210504954884231,0.45387310806265985,-10000,0.03,3,6
1.0,1.0,0.01759807909343795,0.6136482111456967,0.02930356153429775,0.031242657159318926,0.611755092273711,0.12407478847230048,0.017563270306566518,0.03135762988012441,0.45387310806265985,-10000,0.03,3,6
1.0,1.0,0.016082686470619684,0.7125685186734438,0.02924739789537438,0.031159880004863905,0.6331030544474275,0.12339495455803857,0.014519152255539064,0.03135871804284106,0.45882794895579404,-10000,0.03,3,6
1.0,1.0,0.017596956748301102,0.5885136898617663,0.02930356153429775,0.03125656486661129,0.6331030562303087,0.12344344252924347,0.017563111510775335,0.03161808994123591,0.45405855582484517,-10000,0.03,3,6
1.0,1.0,0.016080824943250666,0.7120651293371948,0.02924739789537438,0.029933497603369844,0.6361317306109949,0.12266717855843014,0.01451582054835972,0.030797118242701944,0.45488255226874985,-10000,0.03,3,6
1.0,1.0,0.01608054600396182,0.6231508205715351,0.029097089462365944,0.02991483365187157,0.6328441712786238,0.12342655494080391,0.017563270306566518,0.030770049800211398,0.45387310806265985,-10000,0.03,3,6
1.0,1.0,0.016080558539006907,0.6227163213855543,0.02930356153429775,0.03124425821997842,0.611755092273711,0.12408353565037532,0.017563270306566518,0.031363306329687174,0.4538686418751742,-10000,0.03,3,6
1.0,1.0,0.016797013714046398,0.6236300889985179,0.02930356153429775,0.029866961229758647,0.6279455149343297,0.12407478847230048,0.017597539894959515,0.010060541938024074,0.45387310806265985,-10000,0.03,3,6
1.0,1.0,0.016356762297335663,0.5909658585194952,0.026770438995851433,0.031238555707724956,0.6331394971567993,0.12342727131340554,0.01754932855418618,0.03190246036571342,0.4546042288267873,-10000,0.03,3,6
1.0,1.0,0.016356762297335663,0.5905313593335143,0.026770438995851433,0.031245952433023097,0.6361681733203668,0.0783180447541223,0.017545996847006834,0.032132731809762304,0.4548887644390012,-10000,0.03,3,6
1.0,1.0,0.016082683451848278,0.7125685186734438,0.02924739789537438,0.03115827910872969,0.6331030544474275,0.12338620737996374,0.014519152255539064,0.03157752568002032,0.45450632598448204,-10000,0.03,3,6
1.0,1.0,0.01608054600396182,0.6227163213855543,0.02930356153429775,0.031242657159318926,0.6328441712786238,0.12407478847230048,0.017563270306566518,0.03210504954884231,0.4617970977100039,-10000,0.03,3,6
1.0,1.0,0.016067856368551403,0.6237290027796574,0.029246688869259706,0.031159880842817754,0.6279127010463086,0.12340100799871294,0.017534042644990065,0.031360291316665186,0.45459801665653593,-10000,0.03,3,6
1.0,1.0,0.01759880319955308,0.6227163213855543,0.02930356153429775,0.0304269987721379,0.611755092273711,0.12408353565037532,0.017563270306566518,0.031363306329687174,0.4538686047845534,-10000,0.03,3,6
2.0,1.0,0.016486796651158656,0.7120158780104252,0.02924729010010482,0.02988086893705101,0.6331030562303087,0.12265550433223264,0.017597381099168332,0.030812399888166586,0.45405855582484517,-10000,0.03,3,6
1.0,1.0,0.016481812921642486,0.5885136898617663,0.026762633856482705,0.029876989040859468,0.6362225441927036,0.12344344304455289,0.022074276582971817,0.030747504279214962,0.4548886652942882,-10000,0.03,3,6
1.0,1.0,0.019328526307502078,0.5885136898617663,0.02990856330343776,0.03125656486661129,0.6331030562303087,0.12344344252924347,0.017563111510775335,0.03161808994123591,0.45405855582484517,-10000,0.03,3,6
1.0,1.0,0.016067856368551403,0.6227274696170594,0.02924659661945027,0.031159880842817754,0.6114013247713657,0.131803063079714,0.017534042644990065,0.032107226037182676,0.4545964121485727,-10000,0.03,3,6
1.0,1.0,0.01607983443289178,0.6136482111456967,0.02930356153429775,0.031242657159318926,0.611755092273711,0.12407478847230048,0.017563270306566518,0.03135762988012441,0.4538731451532806,-10000,0.03,3,6
1.0,1.0,0.01607646894231315,0.5885629411885359,0.029303669329567312,0.029933497603369844,0.6361317306109949,0.1142196611726779,0.01451582054835972,0.010305720353670923,0.45488255226874985,-10000,0.03,3,6
1.0,1.0,0.016357390025914322,0.5909658585194952,0.029311366673666482,0.02993524697371513,0.6330486828215964,0.12343798293541976,0.017545996847006834,0.010371229781052,0.4540586549695582,-10000,0.03,3,6
1.0,1.0,0.01759807909343795,0.6236300889985179,0.029063770386047467,0.031242657159318926,0.611755092273711,0.12407478847230048,0.017624010678741194,0.03135762988012441,0.45387310806265985,-10000,0.03,3,6
1.0,1.0,0.0160805555202355,0.6237178545481522,0.029303653784107188,0.031242657159318926,0.6282664685486541,0.12407478847230048,0.017563270306566518,0.03135811482832482,0.45387471257062306,-10000,0.03,3,6
1.0,1.0,0.016349898859134966,0.5885008244009304,0.02930356153429775,0.03126453977510145,0.6331474367869044,0.12344344252924347,0.017563111510775335,0.03161808994123591,0.45405855582484517,-10000,0.03,3,6
1.0,1.0,0.01607983443289178,0.6136482111456967,0.02930356153429775,0.03124314673288182,0.6326583678676151,0.12407478847230048,0.017563270306566518,0.03135762934502651,0.4538731451532806,-10000,0.03,3,6
1.0,1.0,0.017784013818710732,0.6136482111456967,0.02930356153429775,0.031242657159318926,0.611755092273711,0.12407478847230048,0.017563270306566518,0.03135762988012441,0.45387310806265985,-10000,0.03,3,6
1.0,1.0,0.016356762297335663,0.5909658585194952,0.026762624369924572,0.031238555707724956,0.6331394971567993,0.12342727131340554,0.017543366504337788,0.03190246036571342,0.4546042288267873,-10000,0.03,3,6
1.0,1.0,0.016482440650221145,0.5882300946542548,0.030395087649556132,0.031184821066893003,0.6330089400702376,0.10628556298861994,0.017563430607646497,0.010523973490647442,0.4540576903346975,-10000,0.03,3,6
1.0,1.0,0.01750837093742291,0.6012155656435786,0.026770438995851433,0.029927272065224966,0.6361237927637712,0.1345665604084106,0.017545996847006834,0.030797732061131393,0.4548887644390012,-10000,0.03,3,6
1.0,1.0,0.015410856521741371,0.8669655959150149,0.007778317608787149,0.031159269608473626,0.6121987582201179,0.12339493642393919,0.022056623968605554,0.031357276149800474,0.45450287283405333,-10000,0.03,3,6
1.0,1.0,0.016357390025914322,0.5909658585194952,0.029311366673666482,0.02993524697371513,0.6330486828215964,0.12343798293541976,0.017462078184715707,0.010371229781052,0.4540586549695582,-10000,0.03,3,6
1.0,1.0,0.016481812921642486,0.5885136898617663,0.026770448482409562,0.029876989040859468,0.6362225441927036,0.11516658524805076,0.02208023863282021,0.030747504279214962,0.4548886652942882,-10000,0.03,3,6
2.0,1.0,0.016080558539006907,0.6229999165930659,0.02930356153429775,0.029883308659773223,0.6118492084337822,0.12407115793826873,0.017597220798088353,0.03121761623853302,0.4538695073653219,-10000,0.03,3,6
1.0,1.0,0.016357390025914322,0.6106701265956471,0.029311366673666482,0.02993524697371513,0.6330486828215964,0.12343798293541976,0.017545996847006834,0.010371229781052,0.4540586549695582,-10000,0.03,3,6
1.0,1.0,0.01607983443289178,0.5884103773183857,0.02930356153429775,0.031242657159318926,0.6113999977854819,0.12407399318119383,0.017563111615110635,0.03135762988012441,0.4538731451532806,-10000,0.03,3,6
1.0,1.0,0.016490548393617525,0.5885136898617663,0.026762633856482705,0.02987651954927438,0.6362225441927036,0.12344344304455289,0.02200579627926773,0.030747504279214962,0.4540558372041261,-10000,0.03,3,6
1.0,1.0,0.01608054600396182,0.6231508205715351,0.029097089462365944,0.02991483365187157,0.6328441712786238,0.11469104056556138,0.01747874651474208,0.030770049800211398,0.45387310806265985,-10000,0.03,3,6
1.0,1.0,0.019328526307502078,0.6137515236890774,0.02990856330343776,0.03125656486661129,0.6334581507185378,0.12344423782035013,0.017563270202231217,0.03161808994123591,0.45405855582484517,-10000,0.03,3,6
1.0,1.0,0.017588221276326064,0.5885136898617663,0.02930356153429775,0.03125703435819638,0.6331030562303087,0.12344344252924347,0.01763159181447942,0.03161808994123591,0.4548913839150073,-10000,0.03,3,6
1.0,1.0,0.017596277057899318,0.6136482111456967,0.02930356153429775,0.031242657159318926,0.611755092273711,0.12407478847230048,0.017563270306566518,0.03121987698188916,0.45387310806265985,-10000,0.03,3,6
1.0,1.0,0.016482447762179497,0.5885136898617663,0.02930356153429775,0.029877007593649,0.6331042904377535,0.1059253033245724,0.017597381099168332,0.010339803953238542,0.45405068541461624,-10000,0.03,3,6
1.0,1.0,0.01778469350911252,0.5885136898617663,0.02930356153429775,0.03125656486661129,0.6331030562303087,0.12344344252924347,0.017563111510775335,0.03161955336588225,0.45405855582484517,-10000,0.03,3,6
1.0,1.0,0.016481805809684134,0.5885136898617663,0.026762633856482705,0.02988085038426148,0.6362213099852589,0.12344344252768374,0.022074276582971817,0.03072870232511199,0.45489653570451716,-10000,0.03,3,6
1.0,1.0,0.016483850418534694,0.5885077451786175,0.02930356153429775,0.029876989040859468,0.6331033463453467,0.12344344252924347,0.022069379436873336,0.01037119308728733,0.4540585568888851,-10000,0.03,3,6
1.0,2.0,0.019328526307502078,0.6137515236890774,0.029905682068709093,0.03125656486661129,0.633459949250096,0.12344423782035013,0.017563270582415382,0.03161808994123591,0.4542763306976447,-10000,0.03,3,6
1.0,1.0,0.016357390025914322,0.6106701265956471,0.02931079358434191,0.029914938603271983,0.6330486828215964,0.12343797451459318,0.0171896571273214,0.010371229781052,0.45916678563071384,-10000,0.03,3,6
1.0,1.0,0.016080461197480737,0.6136482111456967,0.02930356153429775,0.031242657159318926,0.611755092273711,0.12407478847230048,0.017563270306566518,0.03167543846650925,0.4540591086067956,-10000,0.03,3,6
1.0,1.0,0.01635690729250282,0.5909658585194952,0.026770438995851433,0.031242673953159862,0.6331351978247133,0.12342727131340554,0.01754932855418618,0.03190246036571342,0.4546042288267873,-10000,0.03,3,6
1.0,1.0,0.014534737684787398,0.590971803202644,0.029311366673666482,0.02993524697371513,0.633048390170183,0.12343798293541976,0.01755089399310531,0.010321038692900237,0.45405865390551825,-10000,0.03,3,6
1.0,1.0,0.01778469350911252,0.5885136898617663,0.029306442769026417,0.03125656486661129,0.6331012576987506,0.12344344252924347,0.017563111130591173,0.03161955336588225,0.45405855582484517,-10000,0.03,3,6
1.0,1.0,0.01608054600396182,0.6231508205715351,0.029097662551690516,0.029935142022314717,0.6328441712786238,0.12342656336163049,0.017545863852265513,0.030770049800211398,0.45387310806265985,-10000,0.03,3,6
1.0,1.0,0.016481813885632184,0.5885136898617663,0.029068114327637912,0.02988086893705101,0.6331030562303087,0.12344344252924347,0.017597381099168332,0.010003193412750737,0.4538725923713302,-10000,0.03,3,6
1.0,1.0,0.016079689437724625,0.5884103773183857,0.02930356153429775,0.03123853891388402,0.6114042971175679,0.0918862099414368,0.01738098945325487,0.03135762988012441,0.4538731451532806,-10000,0.03,3,6
1.0,1.0,0.01608054600396182,0.6231508205715351,0.029097662551690516,0.029935142022314717,0.6328441712786238,0.18515175952298188,0.017545863852265513,0.030770049800211398,0.4501851262473721,-10000,0.03,3,6
1.0,1.0,0.016481813885632184,0.5885393065383043,0.029309837618044413,0.02988086893705101,0.6330488958093583,0.14020013207078055,0.017597381099168332,0.010003193412750737,0.45387237091547367,-10000,0.03,3,6
1.0,1.0,0.014534737684787398,0.590971803202644,0.02930353083829325,0.029935237061709037,0.633048390170183,0.12343798293541976,0.01755089399310531,0.010321038692900237,0.45405865305565124,-10000,0.03,3,6
1.0,1.0,0.0164896298525111,0.5884105610794833,0.026741259508154435,0.02987651954927438,0.6110562920488789,0.12344344304455289,0.022009281715378765,0.030747504279214962,0.4540558372041261,-10000,0.03,3,6
1.0,1.0,0.016483850418534694,0.5885077451786175,0.02930356153429775,0.029876989040859468,0.6331033463453467,0.12344344252924347,0.022069379436873336,0.01037119308728733,0.4540585568888851,-10000,0.03,3,6
1.0,1.0,0.016357390025914322,0.5909402418429571,0.029069643383259985,0.02993524697371513,0.633102843242547,0.12344348113278344,0.017462078184715707,0.010371229781052,0.4540588764254148,-10000,0.03,3,6
1.0,1.0,0.016482440650221145,0.5970185849543771,0.029311397369670984,0.030717096248030568,0.6255712811788936,0.12344344252924347,0.01778903794528628,0.010321001999135567,0.4540585566747121,-10000,0.03,3,6
1.0,1.0,0.016080752973998202,0.5885135061006689,0.02932493588262602,0.031242657159318926,0.6365662499293068,0.12407399318119383,0.017559626178999598,0.03135762988012441,0.4538731451532806,-10000,0.03,3,6
1.0,1.0,0.01608033747999841,0.5882886686850309,0.029068114327637912,0.02988086893705101,0.6331030562303087,0.12344350504132291,0.017597504494432193,0.010003193412750737,0.4538730998117831,-10000,0.03,3,6
1.0,1.0,0.0164820224095956,0.6233758417482705,0.02865403580771439,0.029935142022314717,0.6328441712786238,0.12342650084955105,0.01746473519284732,0.030944135752797284,0.45387260062220697,-10000,0.03,3,6
1.0,1.0,0.016359926436629164,0.5885136898617663,0.029306442769026417,0.031270124380990756,0.6331012576987506,0.12343796815078084,0.018675907200965715,0.031425842587802094,0.45405865522369554,-10000,0.03,3,6
1.0,1.0,0.0164820224095956,0.6233758417482705,0.02865403580771439,0.029935142022314717,0.6328441712786238,0.12342650112532157,0.017465793651890035,0.030943783254136662,0.46363787395571243,-10000,0.03,3,6
1.0,1.0,0.01608033747999841,0.588412980871991,0.029305246570924894,0.029910741714544317,0.6331030562303087,0.12344350504132291,0.017597504494432193,0.010003193412750737,0.4538730998117831,-10000,0.03,3,6
1.0,1.0,0.014534737684787398,0.590971803202644,0.029302708751764824,0.029935237061709037,0.633048390170183,0.12344341142727414,0.01755103110309968,0.010321038692900237,0.45405865305565124,-10000,0.03,3,6
1.0,1.0,0.017782157098397682,0.6106701265956471,0.029311366673666482,0.029921687459335662,0.6330486828215964,0.1234434573138824,0.017545996847006834,0.01056494055913215,0.4540585555707078,-10000,0.03,3,6
1.0,1.0,0.01608054600396182,0.6231508205715351,0.029097089462365944,0.02991483365187157,0.6328441712786238,0.10795988730438044,0.01720531863963951,0.030770402298872023,0.4538731009277052,-10000,0.03,3,6
1.0,1.0,0.01607983443289178,0.5882860651314258,0.029066429291010765,0.03121278438182562,0.6113999977854819,0.12407399318119383,0.017563111615110635,0.03135762988012441,0.4538731451532806,-10000,0.03,3,6
1.0,1.0,0.016481813885632184,0.6087668381379178,0.029068936414166333,0.02988086893705101,0.6331030562303087,0.1234380140373891,0.01759724398917396,0.010114694066842353,0.4538725923713302,-10000,0.03,3,6
1.0,1.0,0.01778469350911252,0.5885136898617663,0.029306458086783775,0.03125656486661129,0.6331030590987173,0.12344344252924347,0.017563111131386533,0.03161955336588225,0.45405855582484517,-10000,0.03,3,6
1.0,1.0,0.01778469350911252,0.5967645837163458,0.02930354621654039,0.03125656486661129,0.633101254830342,0.12344344252924347,0.017563111509979974,0.0314658771576773,0.45405855582484517,-10000,0.03,3,6
2.0,1.0,0.01607983443289178,0.5882850731266326,0.027994011849076295,0.031242853230673127,0.6113999977854819,0.12407399318119383,0.017563111615110635,0.03135762988012441,0.4538731451532806,-10000,0.03,3,6
1.0,1.0,0.01608257517100844,0.5885125706542014,0.029306442769026417,0.031270124380990756,0.6331012576987506,0.12343796815078084,0.020656505730887155,0.0313343529135572,0.45405865522369554,-10000,0.03,3,6
1.0,1.0,0.0165008512980857,0.5885136898617663,0.02930356153429775,0.03125656486661129,0.6331030562303087,0.12344344252924347,0.022095555055290896,0.01048338807313247,0.45405855582484517,-10000,0.03,3,6
1.0,1.0,0.019102652651244452,0.6106701265956471,0.029311230170489744,0.02993524697371513,0.6330486828215964,0.0690076643311871,0.017545997647585826,0.03067720742048399,0.45024508397890284,-10000,0.03,3,6
1.0,1.0,0.0164896298525111,0.5884105610794833,0.026751054133917276,0.02987651954927438,0.6331545782332428,0.12344344253153994,0.022009281715378765,0.030747504279214962,0.45405860050245,-10000,0.03,3,6
1.0,1.0,0.01607983443289178,0.5884113693231791,0.02930200582020979,0.03121258831047142,0.6113999977854819,0.12407399318119383,0.017563111615110635,0.03135762988012441,0.4538731451532806,-10000,0.03,3,6
1.0,1.0,0.016357688745619138,0.5882897878925959,0.029068114327637912,0.02988086893705101,0.6331030562303087,0.12344350504132291,0.017597504494432193,0.010094683086995638,0.4538730998117831,-10000,0.03,3,6
1.0,1.0,0.017767692629561516,0.5885077451786175,0.02930356153429775,0.029876989040859468,0.6331033463453467,0.12344344252924347,0.017536935892357778,0.03150735838003711,0.4540585568888851,-10000,0.03,3,6
1.0,1.0,0.01608054600396182,0.6231508205715351,0.029097799054867254,0.029935142022314717,0.6328441712786238,0.12342651101430571,0.017545863051686525,0.010464072160779412,0.45387310806265985,-10000,0.03,3,6
1.0,1.0,0.016483850418534694,0.5885077451786175,0.029293766908534913,0.029876989040859468,0.6110050601609829,0.1234434430422564,0.022069379436873336,0.01037119308728733,0.4540557935905612,-10000,0.03,3,6
1.0,1.0,0.016079501194628726,0.5909715149879171,0.028736262549579627,0.031242657159318926,0.6330771107815115,0.12407842569102655,0.016953102754794742,0.031359125605196526,0.4538731451532806,-10000,0.03,3,6
1.0,1.0,0.014535092543468199,0.5885077451786175,0.02930356153429775,0.029876989040859468,0.6331033463453467,0.12344336468103383,0.01756519809232418,0.01037119308728733,0.4540585568888851,-10000,0.03,3,6
1.0,1.0,0.01607983443289178,0.5882860651314258,0.02906557453622025,0.03121278448480587,0.5766563024389411,0.12407399318119383,0.0177258030416324,0.03135762988012441,0.4538731451532806,-10000,0.03,3,6
1.0,1.0,0.016355501925522577,0.5882886686850309,0.029068114327637912,0.02988086893705101,0.6331012701530536,0.12344347492947982,0.01771799535501451,0.010003193412750737,0.45387298365105255,-10000,0.03,3,6
1.0,1.0,0.01608119187673266,0.6234203777247254,0.029313257006332683,0.02993524697371513,0.6330474693934437,0.12233897105681704,0.017545996847006834,0.03126869532881174,0.4540586549695582,-10000,0.03,3,6
1.0,1.0,0.014535070923050453,0.5884106655331125,0.029311330425185748,0.02993524697371513,0.6113712771741534,0.12343355042558703,0.017563057369191764,0.010319542967828119,0.45405865390551825,-10000,0.03,3,6
1.0,1.0,0.016483495559853893,0.590971803202644,0.02930353083829325,0.029935237061709037,0.633048390170183,0.12343806078362941,0.022055075337654467,0.010321038692900237,0.45405865305565124,-10000,0.03,3,6
1.0,1.0,0.01607983443289178,0.5884113693231791,0.029302860575000308,0.03121258820749117,0.6113999977854819,0.12407399318119383,0.017563111615110635,0.03135762988012441,0.4538731451532806,-10000,0.03,3,6
1.0,1.0,0.016084761991105,0.5885136898617663,0.029642187124278296,0.031270124380990756,0.6331030437760057,0.12343799826262392,0.018675907200965715,0.031425842587802094,0.4540587713844261,-10000,0.03,3,6
1.0,1.0,0.016356744153143483,0.5960389522079669,0.029095772219024315,0.029935142022314717,0.6328453847067766,0.1234265587236305,0.017545863852265513,0.009872584252451666,0.45387310806265985,-10000,0.03,3,6
1.0,1.0,0.014535070923050453,0.5884111101327261,0.029311330425185748,0.03089281969228377,0.6113712771741534,0.1240891933981427,0.017563057369191764,0.010337083786525023,0.4502694397708629,-10000,0.03,3,6
1.0,1.0,0.017857880165002706,0.5882897878925959,0.029068114327637912,0.029895322151704005,0.6114175257372837,0.12406947328963612,0.017597504494432193,0.010094683086995638,0.4538730998117831,-10000,0.03,3,6
1.0,1.0,0.01608078015516473,0.6233707308045985,0.029095772219024315,0.029952245275084544,0.6328456648458886,0.12341358140034617,0.017545863852265513,0.00955713951900914,0.45387310806265985,-10000,0.03,3,6
1.0,1.0,0.0164896298525111,0.5882891037656234,0.02675996935293697,0.029880878287468843,0.6331545782332428,0.12344347437971742,0.017718045813941187,0.030747504279214962,0.45406017815002475,-10000,0.03,3,6
1.0,1.0,0.01607983443289178,0.5882860651314258,0.029066429291010765,0.03121278438182562,0.6113999977854819,0.12407399318119383,0.01722609852364582,0.03135762988012441,0.4538731451532806,-10000,0.03,3,6
1.0,1.0,0.01607983443289178,0.5882856205318123,0.02904285707594351,0.029930718230231867,0.5766563024389411,0.12341835020863814,0.0177258030416324,0.03188774371193249,0.4538731451532806,-10000,0.03,3,6
1.0,1.0,0.01607983443289178,0.5884103773183857,0.02930356153429775,0.031228203944665932,0.633085528278507,0.12344802493288061,0.017563111615110635,0.03135762988012441,0.4538731451532806,-10000,0.03,3,6
1.0,1.0,0.016357155874711413,0.5960885991280939,0.029313257006332683,0.02993524697371513,0.6330471892543318,0.12235194838010136,0.017545996847006834,0.032004966040363174,0.4540586549695582,-10000,0.03,3,6
1.0,1.0,0.016203105178762535,0.5884101259988909,0.029059199108618216,0.029876510198856548,0.6399809489429705,0.12344344308130234,0.022009231256452093,0.010003193412750737,0.45387140600347775,-10000,0.03,3,6
1.0,1.0,0.0164820224095956,0.6233758417482705,0.028651581823164685,0.029935142022314717,0.6328441712786238,0.12342650084955105,0.017462645552676164,0.030943595398847612,0.45387260062220697,-10000,0.03,3,6
1.0,1.0,0.01607983443289178,0.5882860651314258,0.029065585508659734,0.03121278448487527,0.5766563024389411,0.12407399318119383,0.017728771321775746,0.03135762988012441,0.4538731451532806,-10000,0.03,3,6
1.0,1.0,0.01608078015516473,0.6233707308045985,0.029312586108591943,0.03089458980916969,0.6328456648458886,0.12408955719146782,0.017545863852265513,0.00955713951900914,0.4502709515498656,-10000,0.03,3,6
1.0,1.0,0.0164896298525111,0.5884105610794833,0.029073227934408488,0.029880882162287587,0.6330206665882525,0.12344344304455289,0.022062727858133756,0.01016175380845196,0.45387222607171274,-10000,0.03,3,6
1.0,1.0,0.014535070923050453,0.588290306656471,0.029064838079580053,0.02993524697371513,0.6333341475267246,0.12343359259904874,0.017563394034394258,0.010095129112597297,0.4538709224723156,-10000,0.03,3,6
1.0,1.0,0.01607983443289178,0.5882860651314258,0.02906641831857128,0.03121278438175622,0.6113999977854819,0.12407399318119383,0.017223130243502475,0.03135762988012441,0.4538731451532806,-10000,0.03,3,6
1.0,1.0,0.014535070923050453,0.5884111101327261,0.02909451653561812,0.029950475158198625,0.6113712771741534,0.12341321760702105,0.017563057369191764,0.010337083786525023,0.4538715962836572,-10000,0.03,3,6
1.0,1.0,0.016481813885632184,0.5885136898617663,0.028713881176956776,0.02988086893705101,0.6331030562303087,0.13335850722047274,0.017597381099168332,0.010003193412750737,0.4538725923713302,-10000,0.03,3,6
1.0,1.0,0.016481813885632184,0.6087668381379178,0.02673696798791228,0.029876506324037804,0.611138681690935,0.1234380140373891,0.018270310222955277,0.030700444537605356,0.45405620350374365,-10000,0.03,3,6
1.0,1.0,0.016357688745619138,0.5884101467692374,0.029314606673243607,0.02988086893705101,0.6111401858777376,0.1234434628678612,0.0175971678292297,0.01031909694222646,0.4540608312449857,-10000,0.03,3,6
1.0,1.0,0.01607983443289178,0.5884113693231791,0.02931317881031138,0.029938077681253426,0.6113999977854819,0.12407393002220637,0.01756304695636986,0.03135762988012441,0.453871709606582,-10000,0.03,3,6
1.0,1.0,0.014535070923050453,0.5882861411862438,0.029309541878241637,0.03089281969228377,0.6112401640324541,0.1240891933981427,0.017563057369191764,0.01027445262483215,0.45026939368920793,-10000,0.03,3,6
1.0,1.0,0.01607983443289178,0.5882860658301737,0.02906557453622025,0.03121278448480587,0.5766563024389411,0.1240704915823713,0.0177258030416324,0.03188582010123397,0.4538731451532806,-10000,0.03,3,6
1.0,1.0,0.016489835339494045,0.6233707308045985,0.029095772219024315,0.03011775791308363,0.6443792843410925,0.12341358140034617,0.017545863852265513,0.00955713951900914,0.4540553186596176,-10000,0.03,3,6
1.0,1.0,0.01608119187673266,0.6234203777247254,0.02931131555982138,0.02993524697371513,0.6330474693934437,0.12235043929851523,0.017545996847006834,0.03126869532881174,0.44799834088681356,-10000,0.03,3,6
1.0,1.0,0.01607983443289178,0.5884110340779082,0.029067374055603844,0.03068547421695879,0.5767874155806403,0.12407399318119383,0.017728771321775746,0.031420261041817284,0.45387319123493564,-10000,0.03,3,6
1.0,1.0,0.01607983443289178,0.5665387246326492,0.02904285707594351,0.029930718230231867,0.5766563024389411,0.12342185180746068,0.0177258030416324,0.03135955349082293,0.4538731451532806,-10000,0.03,3,6
1.0,1.0,0.01608057466818178,0.5884105610794833,0.026741259508154435,0.02987651954927438,0.6169449013478613,0.12344344304455289,0.022009281715378765,0.030747504279214962,0.4538736266071684,-10000,0.03,3,6
1.0,1.0,0.014535070923050453,0.5884106655331125,0.02931327187169705,0.031373554598979274,0.6113712771741534,0.12342208218388885,0.01593414781455709,0.010319542967828119,0.4540586539100632,-10000,0.03,3,6
1.0,1.0,0.014535070923050453,0.5884111101327261,0.031108818682713573,0.02995136172203587,0.6113712771741534,0.12341321760702105,0.017563057369191764,0.010337083786525023,0.4503039044439277,-10000,0.03,3,6
1.0,1.0,0.014535070923050453,0.5884111101327261,0.029311330425185748,0.030891933128446528,0.6113712771741534,0.1240891933981427,0.017563057369191764,0.010337083786525023,0.4538371316105924,-10000,0.03,3,6
1.0,1.0,0.01607983443289178,0.5882860658301737,0.029065614504865056,0.03121278448480587,0.6111505708267472,0.12406827035634153,0.0177258030416324,0.03188582010123397,0.453871584740671,-10000,0.03,3,6
1.0,1.0,0.014535070923050453,0.5804071545229147,0.029309541878241637,0.03192147260046798,0.6113711195383841,0.1240891933981427,0.017563057369191764,0.01031987691306924,0.4502732532559655,-10000,0.03,3,6
2.0,1.0,0.01607983443289178,0.5882856205318123,0.030203959281643093,0.03122292275641546,0.5766563024389411,0.12407059743258395,0.0177258030416324,0.03188774371193249,0.4538731451532806,-10000,0.03,3,6
1.0,1.0,0.01608078015516473,0.6233707308045985,0.029312586108591943,0.03089458980916969,0.6328456648458886,0.12408955719146782,0.017800300264796835,0.00955713951900914,0.4499496920295899,-10000,0.03,3,6
1.0,1.0,0.014535070923050453,0.5884111101327261,0.03110595286682063,0.02995136172203587,0.6113712771741534,0.12340125380049412,0.017724612654931825,0.010337083786525023,0.4540084775865929,-10000,0.03,3,6
1.0,1.0,0.014535070923050453,0.5884111101327261,0.02909447656697331,0.029950475158198625,0.5768770087863472,0.1234154388330508,0.017563057369191764,0.010337083786525023,0.4538731566962667,-10000,0.03,3,6
1.0,1.0,0.014535070923050453,0.5882864186792646,0.029311330425185748,0.02993524697371513,0.6112403216682233,0.12343355042558703,0.017563057369191764,0.010274118679591028,0.45405479433876067,-10000,0.03,3,6
1.0,1.0,0.01607983443289178,0.5882860651314258,0.029042763503520905,0.029920579958691674,0.5766563024389411,0.12553012514125378,0.017728771321775746,0.03135762988012441,0.4538731451532806,-10000,0.03,3,6
1.0,1.0,0.01608078015516473,0.6233707308045985,0.027470094902083676,0.029952245275084544,0.6328456648458886,0.12341358140034617,0.017545863852265513,0.00955713951900914,0.45387310806265985,-10000,0.03,3,6
1.0,1.0,0.01607983443289178,0.5882860651314258,0.02975587274163035,0.03121278448480587,0.5766563024389411,0.12408595698772078,0.01756424775589234,0.03135762988012441,0.4503025799758231,-10000,0.03,3,6
1.0,1.0,0.01454690671872818,0.6233707308045985,0.029312586108591943,0.03192300230402112,0.6113828565671933,0.12408955719146782,0.017545826310350683,0.00955713951900914,0.45089738304190813,-10000,0.03,3,6
1.0,1.0,0.016375084963240742,0.588984586722888,0.029312586108591943,0.031835996088035064,0.6328456648458886,0.12408955719146782,0.017728811154636474,0.009522075192140931,0.4499496920295899,-10000,0.03,3,6
1.0,1.0,0.016083658007217897,0.6101090702709042,0.029313257006332683,0.030418544870585686,0.6330117527157115,0.12340700635475373,0.017546009158331922,0.03126869532881174,0.4540621061595024,-10000,0.03,3,6
1.0,1.0,0.01607983443289178,0.5882860651314258,0.02975587274163035,0.03121278448480587,0.5766563024389411,0.12407396501376976,0.01756424775589234,0.03135762988012441,0.4505785263656235,-10000,0.03,3,6
1.0,1.0,0.01607983443289178,0.577464924446206,0.02904285707594351,0.02993016682514268,0.5766563024389411,0.12407390729683741,0.0177258030416324,0.03188583199942222,0.4538731451532806,-10000,0.03,3,6
1.0,1.0,0.016068944359487004,0.5804071545229147,0.029309541878241637,0.030893060105616547,0.6328339278170794,0.1240891933981427,0.017563094911106594,0.010191410505245075,0.4502732532559655,-10000,0.03,3,6
1.0,1.0,0.01607983443289178,0.6227971781596187,0.029067374055603844,0.03089439518826603,0.5767874155806403,0.12407399318119383,0.020400007600728045,0.031455325368685554,0.45387319123493564,-10000,0.03,3,6
1.0,1.0,0.014532604792565218,0.5899682329198517,0.031108818682713573,0.029951652664586305,0.6114069938518856,0.12234518230908435,0.01756304505786668,0.010337083786525023,0.4503004532539835,-10000,0.03,3,6
1.0,1.0,0.01607983443289178,0.5882860651314258,0.02906557453622025,0.03121278448480587,0.5766563024389411,0.12408598515514487,0.0177258030416324,0.03135762988012441,0.4538731451532806,-10000,0.03,3,6
1.0,1.0,0.01607983443289178,0.5882860658301737,0.02906557453622025,0.03121333588989506,0.5766563024389411,0.12341493449417203,0.0171438440518452,0.031887731813744234,0.4538731451532806,-10000,0.03,3,6
1.0,1.0,0.01607983443289178,0.5665937459291153,0.02904285707594351,0.029930718230231867,0.591645475068566,0.12407032275669487,0.017725887763524413,0.03135955349082293,0.4538731451532806,-10000,0.03,3,6
1.0,1.0,0.014535070923050453,0.5884111101327261,0.029311330425185748,0.030908286815171247,0.6113712771741534,0.12341114941922678,0.017563057369191764,0.010337083786525023,0.4503038131941256,-10000,0.03,3,6
1.0,1.0,0.016484343372115223,0.5882860651314258,0.02906557453622025,0.03121278144430949,0.5766563024389411,0.12407399318119383,0.0177258030416324,0.03135710167400155,0.4538731451532806,-10000,0.03,3,6
1.0,1.0,0.01607983443289178,0.5882856205318123,0.02904285707594351,0.029930718230231867,0.6317155488890039,0.12341835020863814,0.0177258030416324,0.03127182658198705,0.4539137101130305,-10000,0.03,3,6
1.0,1.0,0.016080775863167918,0.5776154376968774,0.029312761540019674,0.030899688303097993,0.5767310291255683,0.12408975429741409,0.0177258030416324,0.03188583199942222,0.44760078931866165,-10000,0.03,3,6
1.0,1.0,0.01607983443289178,0.5882310438349598,0.029065585508659734,0.03121278448487527,0.5766563024389411,0.12342552223195964,0.017728686599883733,0.03135762988012441,0.4538731451532806,-10000,0.03,3,6
1.0,1.0,0.014495128839488761,0.5884111101327261,0.031108818682713573,0.0299358945991484,0.6113712771741534,0.12409126158593696,0.017563057369191764,0.010337083786525023,0.450269531020665,-10000,0.03,3,6
1.0,1.0,0.01607983443289178,0.5882860658301737,0.02906557453622025,0.031213338930391434,0.5766563024389411,0.12341493449417203,0.0171438440518452,0.031888260019867096,0.43211433896903223,-10000,0.03,3,6
1.0,1.0,0.01608119187673266,0.6234203777247254,0.029217281715926795,0.029789471372550686,0.5779882229433809,0.12235043929851523,0.017545996847006834,0.03188461245875717,0.44795777592706365,-10000,0.03,3,6
1.0,1.0,0.016079838724888593,0.623220217553927,0.029042681644515775,0.02992506833121438,0.6327709381592612,0.12407371019089114,0.017800300264796835,0.00955713951900914,0.4499496920295899,-10000,0.03,3,6
1.0,1.0,0.016483543493492556,0.5882860658301737,0.02906557453622025,0.03121333588989506,0.5766563024389411,0.12407027791900238,0.017022730961703963,0.031887731813744234,0.4538731451532806,-10000,0.03,3,6
1.0,2.0,0.017317289035145483,0.6238318101047816,0.029217281715926795,0.029789471372550686,0.5778815333935302,0.12235043929851523,0.017547975726063845,0.03287475215647025,0.4539373177144739,-10000,0.03,3,6
1.0,1.0,0.016096130722802745,0.623220217553927,0.029094502382990252,0.02992506833121438,0.6327709381592612,0.12407472200574324,0.017564967170177852,0.00955713951900914,0.4499496920295899,-10000,0.03,3,6
1.0,1.0,0.016082060821626866,0.5776154376968774,0.029312761540019674,0.030899688303097993,0.5771100129694449,0.12408975429741409,0.017725106174108038,0.031905380400030575,0.44760078931866165,-10000,0.03,3,6
1.0,1.0,0.01607983443289178,0.5882860658301737,0.029065662681914677,0.029918063071624888,0.5766563024389411,0.12341493449417203,0.0171438440518452,0.031888260019867096,0.43211433896903223,-10000,0.03,3,6
1.0,1.0,0.01608063431151445,0.5882860651314258,0.02906557453622025,0.03121278144430949,0.5766563024389411,0.12341864975636346,0.017722796248693544,0.03135710167400155,0.4538731451532806,-10000,0.03,3,6
1.0,1.0,0.01607983443289178,0.566182313549059,0.02904285707594351,0.029930718230231867,0.5917521646184168,0.12407032275669487,0.017723908884467402,0.03135955349082293,0.4576688894801554,-10000,0.03,3,6
1.0,1.0,0.01439220500452995,0.5884111101327261,0.029042655828498833,0.029950475158198625,0.5768770087863472,0.12341442701819869,0.017798390463810744,0.010337083786525023,0.4538731566962667,-10000,0.03,3,6
1.0,1.0,0.014533785964591506,0.5884111101327261,0.02967479294323509,0.030908286815171247,0.6109922933302769,0.12341114941922678,0.017563754236716127,0.010317535385916668,0.4503038131941256,-10000,0.03,3,6
1.0,1.0,0.016615157400639836,0.5665387246326492,0.029042768930249083,0.031225994088998413,0.5766563024389411,0.12342185180746068,0.0177258030416324,0.03135955349082293,0.4538731451532806,-10000,0.03,3,6
1.0,1.0,0.01607983443289178,0.5882860630614826,0.029042945988000193,0.029928983730487187,0.5766563024389411,0.12341835020863814,0.0177258030416324,0.03188773966768863,0.4538731451532806,-10000,0.03,3,6
1.0,1.0,0.01607983443289178,0.5666193398880589,0.0290429747207684,0.029918063071624888,0.5916052648653343,0.12341493449417203,0.0171438440518452,0.031888260019867096,0.43211433896903223,-10000,0.03,3,6
1.0,1.0,0.016080775863167918,0.5776154376968774,0.029312761540019674,0.029948343306850065,0.5767310291255683,0.12408975429741409,0.0177258030416324,0.03188583199942222,0.44760078931866165,-10000,0.03,3,6
1.0,1.0,0.01453727947036882,0.5884111101327261,0.029311330425185748,0.030908286815171247,0.5765469728677484,0.12342189038685927,0.017563057369191764,0.010509940392093601,0.4502983659056197,-10000,0.03,3,6
1.0,1.0,0.013571974634281479,0.5666089579701483,0.029034138626244883,0.029951652664586305,0.6120870671282704,0.12343297631521763,0.017561667688164126,0.011260110078679815,0.4503004532539835,-10000,0.03,3,6
1.0,1.0,0.01607983443289178,0.5882856233005034,0.029065485624163567,0.031215073430136114,0.5766563024389411,0.12341493449417203,0.0171438440518452,0.03188826406411096,0.43211433896903223,-10000,0.03,3,6
1.0,1.0,0.01607983443289178,0.58826047187123,0.02906554503708979,0.030400858027935698,0.5766965126421728,0.12407032275669487,0.017725887763524413,0.03183688105064879,0.4538731451532806,-10000,0.03,3,6
1.0,1.0,0.014535070923050453,0.5884111101327261,0.031108818682713573,0.030597022393760092,0.6113712771741534,0.12341321760702105,0.017964547662725126,0.010337083786525023,0.4503039044439277,-10000,0.03,3,6
1.0,1.0,0.01607762588557341,0.5795510528417194,0.02904285707594351,0.029930718230231867,0.611480606745346,0.11356369150847986,0.0177258030416324,0.03118669688525435,0.45387859244178647,-10000,0.03,3,6
1.0,1.0,0.016615157400639836,0.5898979995823526,0.031117448986717776,0.031225994088998413,0.5759762291625562,0.12233405780132742,0.017727180411334954,0.030436527198668135,0.4538731451532806,-10000,0.03,3,6
1.0,1.0,0.016080775863167918,0.5776154376968774,0.031120009247380134,0.029948343306850065,0.5767310291255683,0.12409063343433534,0.017411151370618504,0.03188583199942222,0.44760078931866165,-10000,0.03,3,6
1.0,1.0,0.016082060821626866,0.5776154376968774,0.029312761540019674,0.030899688303097993,0.5683328670198812,0.1246218675146878,0.017725106174108038,0.031885767669725694,0.44760078931866165,-10000,0.03,3,6
1.0,1.0,0.0145336321956529,0.5884111101327261,0.02967479294323509,0.030908286815171247,0.6109922933302769,0.1223522663949439,0.017563754236716127,0.010317535385916668,0.45031808295723263,-10000,0.03,3,6
1.0,1.0,0.01607983443289178,0.566615003953639,0.029065662681914677,0.029918063071624888,0.5769084946583929,0.12341493449417203,0.0171438440518452,0.031888260019867096,0.43211433896903223,-10000,0.03,3,6
1.0,1.0,0.014532604792565218,0.6151334153365222,0.031259804331473046,0.029951651281414957,0.6114069938518856,0.1234091191895822,0.01756304505786668,0.010337083786525023,0.4503004532539835,-10000,0.03,3,6
1.0,1.0,0.016615157400639836,0.5898979995823526,0.029310201279357316,0.031225994088998413,0.5759762291625562,0.12233317866440617,0.017727182011834236,0.030436527198668135,0.4538731451532806,-10000,0.03,3,6
1.0,1.0,0.016080775863167918,0.5776154376968774,0.029312761540019674,0.030899688303097993,0.577113371364592,0.12408975429741409,0.0177258030416324,0.031905444729727096,0.44760078931866165,-10000,0.03,3,6
1.0,1.0,0.016081345645671267,0.6234203777247254,0.02931131555982138,0.02993524697371513,0.6330474693934437,0.12340932232279811,0.017545996847006834,0.03126869532881174,0.44798407112370653,-10000,0.03,3,6
1.0,1.0,0.01607983443289178,0.5983687335023625,0.0290429747207684,0.029918063071624888,0.5957203193829641,0.12341493449417203,0.0171438440518452,0.031888260019867096,0.43211433896903223,-10000,0.03,3,6
1.0,1.0,0.014535070923050453,0.5884111101327261,0.031108818682713573,0.02995136310520722,0.6113712771741534,0.12234928072652321,0.017563057369191764,0.010337083786525023,0.4503039044439277,-10000,0.03,3,6
1.0,1.0,0.01607983443289178,0.5883509475808985,0.0290427167298444,0.029930718230231867,0.5766563024389411,0.1234149878511897,0.017726482410439885,0.03135955349082293,0.4541731892654165,-10000,0.03,3,6
1.0,1.0,0.016080775863167918,0.5776154376968774,0.029312761540019674,0.030899688303097993,0.5767310291255683,0.12408975429741409,0.017018529095081957,0.03180075804451421,0.44760078931866165,-10000,0.03,3,6
1.0,1.0,0.016082053525175877,0.5776154376968774,0.029312761540019674,0.030893664630896614,0.576733188658897,0.12408974860863277,0.017725106174108038,0.031349295463439716,0.44742686785589847,-10000,0.03,3,6
1.0,1.0,0.01607983443289178,0.5882856232276098,0.029065662681914677,0.029918063071624888,0.5766563024389411,0.12341493449417203,0.0171438440518452,0.031888260019867096,0.43211433896903223,-10000,0.03,3,6
1.0,1.0,0.01608204248398809,0.566615003953639,0.029311897030491703,0.029905035979361685,0.5769084946583929,0.12341493449417203,0.01713918342760967,0.03188574973818229,0.43211433896903223,-10000,0.03,3,6
1.0,1.0,0.01607983443289178,0.5664738428819244,0.02906571488231936,0.031213338930391434,0.5766563024389411,0.12342179845044299,0.01714316468303772,0.031888260019867096,0.43181429485689626,-10000,0.03,3,6
1.0,1.0,0.016080775863167918,0.5776154376968774,0.029312761540019674,0.030899688303097993,0.577113371364592,0.12408975429741409,0.0177258030416324,0.03190539502418518,0.44760078931866165,-10000,0.03,3,6
1.0,1.0,0.016080783159618906,0.5764363796059189,0.031086649495901595,0.029954366979051447,0.5771078534361161,0.12409063912311667,0.017411151370618504,0.03188583199942222,0.44760078931866165,-10000,0.03,3,6
1.0,1.0,0.01607983443289178,0.5882860659030672,0.029065485624163567,0.031215073430136114,0.5766563024389411,0.12341493449417203,0.0171438440518452,0.03188826406411096,0.43211433896903223,-10000,0.03,3,6
1.0,1.0,0.016079852770530555,0.5776154376968774,0.029066527191442648,0.030912715395361196,0.5683328670198812,0.1246218675146878,0.01772976679834357,0.03188827795141049,0.44760078931866165,-10000,0.03,3,6
1.0,1.0,0.01607983443289178,0.6087971551417884,0.029065485624163567,0.031215073430136114,0.5766563024389411,0.12341493449417203,0.0171438440518452,0.03188826406411096,0.43211433896903223,-10000,0.03,3,6
1.0,1.0,0.01607983443289178,0.5882856225890687,0.029065662681914677,0.029918063071624888,0.5766563024389411,0.12341493449417203,0.0171438440518452,0.031888260019867096,0.43211433896903223,-10000,0.03,3,6
1.0,1.0,0.016079834054112566,0.5776318364529036,0.02906557453622025,0.031213338930391434,0.5683406958329896,0.12341493449417203,0.0171438440518452,0.03005180084753235,0.43211433896903223,-10000,0.03,3,6
1.0,1.0,0.01608076594882485,0.5776154376968774,0.029068093323813916,0.029143747766891007,0.5767310291255683,0.12408975429741409,0.017018529095081957,0.031888054298374914,0.45177850801858255,-10000,0.03,3,6
1.0,1.0,0.01608119187673266,0.6234203777247254,0.029217281715926795,0.029789471372550686,0.5779882229433809,0.12235043929851523,0.017545996847006834,0.03188461245875717,0.4510555971364177,-10000,0.03,3,6
1.0,1.0,0.016080783159618906,0.5764363796059189,0.031086649495901595,0.029954366979051447,0.5771078534361161,0.1571649531533964,0.017411151370618504,0.03188583199942222,0.44760078931866165,-10000,0.03,3,6
1.0,1.0,0.01607983443289178,0.595172507861304,0.029065662681914677,0.029918063071624888,0.5730797887589502,0.12341493449417203,0.0171438440518452,0.031888260019867096,0.43211433896903223,-10000,0.03,3,6
1.0,1.0,0.016079853149309768,0.5882696670741474,0.029066527191442648,0.030912715395361196,0.5766484736258327,0.1246218675146878,0.01772976679834357,0.031888259998818655,0.44760078931866165,-10000,0.03,3,6
1.0,1.0,0.016079844347234848,0.566615003953639,0.029310330898120435,0.030893056403142247,0.5769084946583929,0.12341493449417203,0.0171438440518452,0.03180096376600639,0.4320643356326752,-10000,0.03,3,6
1.0,1.0,0.01608204248398809,0.566615003953639,0.029311897030491703,0.029905035979361685,0.6191544359211381,0.12341493449417203,0.01713918342760967,0.03197480757458031,0.43211115540069217,-10000,0.03,3,6
1.0,1.0,0.016079844347234848,0.5665926733947375,0.029310330898120435,0.030893056403142247,0.5769084946583929,0.12341493449417203,0.0171438440518452,0.031800953220576814,0.4320643356326752,-10000,0.03,3,6
1.0,1.0,0.016080775432647115,0.566615003953639,0.029319695500252575,0.029905035979361685,0.5769084946583929,0.12341444778083538,0.017138983689470796,0.03188574973818229,0.43211433896903223,-10000,0.03,3,6
1.0,1.0,0.016079834056410027,0.5881720623525653,0.029065574404173983,0.031213338930391434,0.5683423389412023,0.12341493449417203,0.0171438440518452,0.03005180084753235,0.43211433896903223,-10000,0.03,3,6
1.0,1.0,0.016080775863167918,0.5776154376968774,0.029311840038022154,0.030899688303097993,0.5766571760958565,0.12409051248841262,0.0177258030416324,0.03188583199942222,0.4321091003485009,-10000,0.03,3,6
1.0,1.0,0.01607983443289178,0.5666193434925898,0.02906572851711295,0.029918063071624888,0.5771937893351637,0.12341493449417203,0.0171438440518452,0.031888260019867096,0.43211433896903223,-10000,0.03,3,6
1.0,1.0,0.01607983443289178,0.5883083964619686,0.029065485624163567,0.031215073430136114,0.5766563024389411,0.12341493449417203,0.0171438440518452,0.03188827460954054,0.43211433896903223,-10000,0.03,3,6
1.0,1.0,0.016082042914508893,0.5776154376968774,0.031112210777619262,0.029948343306850065,0.5767310291255683,0.12409112014767198,0.017411351108757377,0.03188583199942222,0.44760078931866165,-10000,0.03,3,6
1.0,1.0,0.016079834430594315,0.5777453973279483,0.029065662813960946,0.02936292712952908,0.5766546593307285,0.12341493449417203,0.0171438440518452,0.031888260019867096,0.43211433896903223,-10000,0.03,3,6
1.0,1.0,0.01607983443289178,0.5882860658301737,0.029066496038217766,0.031213338930391434,0.5767301554686528,0.12341417630317349,0.0171438440518452,0.031888260019867096,0.44964466192199815,-10000,0.03,3,6
1.0,1.0,0.017371833950925404,0.5666150003491081,0.029042908885570123,0.029918063071624888,0.5913199701885634,0.12341493449417203,0.0171438440518452,0.031888260019867096,0.43211433896903223,-10000,0.03,3,6
1.0,1.0,0.016079845173576027,0.566615003953639,0.029310274579049552,0.029905689548475018,0.5769084946583929,0.12341444431265801,0.0171438440518452,0.03180096376600639,0.43211565516737976,-10000,0.03,3,6
1.0,1.0,0.013240291511575077,0.5665926733947375,0.029310330898120435,0.03121429910507347,0.5769082569175964,0.12341493449417203,0.0171438440518452,0.03188831524510758,0.4321142125541923,-10000,0.03,3,6
1.0,1.0,0.016079834432902104,0.5664487806737433,0.02906571488231936,0.031213338930391434,0.527169157606719,0.12342179845044299,0.01714316468303772,0.0336817060704066,0.43181429485689626,-10000,0.03,3,6
1.0,1.0,0.01608204248398809,0.5881426734026928,0.02931313972727195,0.031216300406354352,0.5684054809792773,0.12341493449417203,0.01714384492356986,0.030066304535932405,0.43211433896903223,-10000,0.03,3,6
1.0,1.0,0.01607983443289178,0.5882856225890687,0.029065662681914677,0.029918063071624888,0.5766563024389411,0.12341493449417203,0.0171438440518452,0.031888260019867096,0.4423670755594432,-10000,0.03,3,6
1.0,1.0,0.01608077460630594,0.566615003953639,0.029319751819323458,0.03089240283402891,0.5769084946583929,0.12341493796234938,0.017138983689470796,0.03188574973818229,0.43206301943432773,-10000,0.03,3,6
1.0,1.0,0.016079834488940965,0.6087971551417884,0.029065485624163567,0.03089383072820489,0.5766565401797376,0.12341493449417203,0.0171438440518452,0.031800902039580185,0.4320644620475152,-10000,0.03,3,6
1.0,1.0,0.016079834430583986,0.5777704595361293,0.029065662813960946,0.02936292712952908,0.5766546593307285,0.12341493449417203,0.017758420509949316,0.029893407334384774,0.4329048663264635,-10000,0.03,3,6
1.0,1.0,0.016079834056410027,0.5666443929035115,0.029064331707393736,0.02990207450339877,0.5768453526203179,0.12341493449417203,0.01713918255588501,0.03187124604978223,0.43211433896903223,-10000,0.03,3,6
1.0,1.0,0.016079834054112566,0.5776318364529036,0.02906557453622025,0.031213338930391434,0.5683406958329896,0.12043466414127599,0.0171438440518452,0.03005180084753235,0.43211433896903223,-10000,0.03,3,6
